{"cameraMode":{"drawMode":0,"name":"Shaded","section":"Shading Mode"},"sceneLighting":true,"audioPlay":false,"sceneViewState":{"showFog":true,"showMaterialUpdate":false,"showSkybox":true,"showFlares":true,"showImageEffects":true,"showParticleSystems":true},"in2DMode":false,"pivot":{"x":4.158595561981201,"y":-0.3601013422012329,"z":-1.787775993347168},"rotation":{"x":-0.08803213387727738,"y":-0.8075369596481323,"z":0.1247839704155922,"w":-0.5697045922279358},"size":2.668771505355835,"orthographic":false}